Duncan Popham;2073;20;dpopham0@jugem.jp;128795710
Ibbie De Hailes;3465;106;ide1@ucla.edu;519639869
Harland Faier;7261;81;hfaier2@rambler.ru;809199149
Elisa Finney;6453;156;efinney3@ucsd.edu;296638970
Tiffi Evert;8294;148;tevert4@europa.eu;163589453
Quinton Claxton;7843;37;qclaxton5@accuweather.com;47515822
Zacharias Abbott;8557;40;zabbott6@slashdot.org;982553309
Harley Jancik;298;140;hjancik7@simplemachines.org;308538924
Gabi Lumber;8512;110;om;974071927
Tremain Eates;5323;96;teates9@github.io;106030079
Olga Garey;1038;57;ogareya@163.com;411690465
Sonnnie Wandless;7224;13;swandlessb@delicious.com;365414919
Randolph Tonepohl;4968;119;rtonepohlc@storify.com;806b17694
Elonore Feldman;5673;26;efeldmand@histats.com;437714042
Kyrstin Leander;3725;58;kleandere@dagondesign.com;798715957
Andi Pedreschi;3291;8;apedreschi0@cnbc.com;503059112
Wini Peppard;9952;140;wpeppard1.ehow.com;205680297
Tera Tardiff;7334;106;ttardiff2@qq.com;246130235
Prent Tupp;2364;107;ptupp3@miitbeian.gov.cn;6416952828
Karlis Jenno;1039;142;kjenno4@newyorker.com;253033873