Doretta Trahar;1239;e;dtraharfp@multiply.com;310392462
Verena Yitzhok;8229;125;vyitzhokfq@ucoz.ru;782969564
Jermain Lightbody;7370;106;jlightbodyfr@yelp.com;649210282
Darius Skells;6447;88;dskellsfs@loc.gov;858296501
Devi D'Cruze;3780;66;ddcruzeft@scientificamerican.com;170656496
Bronnie Leving;8717;20;blevingfu@oakley.com;445676464
Dasie Kohrs;3786;17;dkohrsfv@etsy.com;590662909
Valida Boog;9726;33;vboogfw@aboutads.info;463133897
Scot O'Leary;3821;82;solearyfx@biglobe.ne.jp;861146213
Cathleen Antunes;3977;36;cantunesfy@japanpost.jp;340574214
Pier Andrichuk;8164;36;pandrichukfz@shutterfly.com;198958774
Francoise Pinor;6097;a9;fpinorg0@phoca.cz;161347206
Stephana Phaup;2173;94;sphaupg1@dmoz.org;207516203
Douglass Parsonage;8248;128;dparsonageg2@hibu.com;782969564
Bidget Alflat;8668;61;balflatg3@google.pl;401259887
Ileane Stiger;3769;13;istigerg4@tinyurl.com;995302660
Tobin Nuzzi;3826;42;tnuzzig5@1und1.de;133844315
Cornelle Skillen;6041;51;cskilleng6@goo.ne.jp;861146213
Farand Antoniewicz;9662;65;fantoniewiczg7@slideshare.net;131110791
Shannon Budcock;8692;136;sbudcockg8@123-reg.co.uk;776431064
Sheffy Thredder;9982;110;sthredderg9@weather.com;356030403
Karlis Blunderfield;6456;75;kblunderfieldga@npr.org;164112764
Colline Minchinton;9162;22;cminchintongb@fc2.com;373750441
Zoe Fills;3765;69;zfillsgc@blogspot.com;178830104
Nisse Geely;6775;27;ngeelygd@loc.gov;517177983
Sebastian Cullin;8726;112;scullinge@biglobe.ne.jp;467489471
Josselyn Crumb;7951;48;jcrumbgf@sakura.ne.jp;272289057
Tamra Simenel;2693;133;tsimenelgg@shareasale.com;565498388
Marice Penrice;6332;53;mpenricegh@wunderground.com;151716809
Francine Boumphrey;7532;15;fboumphreygi@icio.us;592022310
Kynthia Ibbitt;7923;121;kibbittgj@google.it;740789366
Delcina Finn;4482;82;dfinngk@ustream.tv;915482081
Lauren Lamperti;5650;141;llampertigl@4shared.com;739137695
Mickie Christon;7193;110;mchristongm@indiatimes.com;385236218
Veda Drews;9500;98;vdrewsgn@comcast.net;278023185
Christiane Alman;8523;143;calmango@instagram.com;312799623
Bellina O'Moylan;9346;80;bomoylangp@princeton.edu;350720078
Elfrieda Schachter;2365;116;eschachtergq@cdc.gov;351423057
Joell Fennelow;7673;103;jfennelowgr@amazon.co.uk;549503336
Lanae Davidwitz;1213;40;ldavidwitzgs@bloglines.com;877861919
Chris Boodle;4503;62;cboodlegt@chron.com;877620129
Thornie Twentyman;9317;31;ttwentymangu@soup.io;256732393
Claudine Chantillon;2610;131;cchantillongv@ucoz.ru;102509650
Phyllida Enriquez;8767;79;penriquezgw@tinypic.com;928878493
Merrel Jurkiewicz;4071;127;mjurkiewiczgx@stanford.edu;846407478
Paddie Itzkovwich;7960;134;pitzkovwichgy@mapy.cz;334913456
Carroll Patington;8564;100;cpatingtongz@nationalgeographic.com;335941739
Izaak Jozwiak;7695;95;ijozwiakh0@purevolume.com;873738587
Neils Sargerson;9982;86;nsargersonh1@shop-pro.jp;116278865
Niko Hutchison;7843;131;nhutchisonh2@loc.gov;762584130
Dewain Albin;7913;92;dalbinh3@google.ca;909553218
Urson Canto;2214;107;ucantoh4@whitehouse.gov;445015993
Erik Enrigo;9463;92;eenrigoh5@netlog.com;165616162
Alastair Glencross;3341;70;aglencrossh6@state.tx.us;231865102
Lauralee Sessuns;9700;147;lsessunsh7@blogger.com;917566354
Harrietta Proudlock;7846;32;hproudlockh8@jalbum.net;671547408
Mindy Bilsborrow;2351;149;mbilsborrowh9@uol.com.br;797141269
Merilyn Aspinall;5500;110;maspinallha@ted.com;320433616
Maritsa Farron;8809;36;mfarronhb@tripadvisor.com;414463761
Raul Blewitt;7538;126;rblewitthc@sourceforge.net;739874004
Humphrey McVanamy;9062;107;hmcvanamyhd@booking.com;271185987
Alika Hamly;1234;47;ahamlyhe@creativecommons.org;318557652
Ilse Chiddy;3963;63;ichiddyhf@infoseek.co.jp;472926792
Chico Butson;4722;12;cbutsonhg@trellian.com;691344201
Rivalee Middlewick;1165;77;rmiddlewickhh@eepurl.com;442741121
Kessiah Sultana;2475;1w;ksultanahi@hp.com;544147704
Ibrahim Duffet;3337;129;iduffethj@mashable.com;505803650
Luisa Fursse;4337;106;lfurssehk@addtoany.com;358607360
Elinore Juden;3656;83;ejudenhl@slideshare.net;948885774
Gale Harnetty;4741;18;gharnettyhm@nifty.com;988424810
Zechariah Squibbs;7833;118;zsquibbshn@soundcloud.com;549229773
Garnette Hevey;4961;101;gheveyho@yahoo.co.jp;560642153
Temple Hailwood;4361;108;thailwoodhp@mlb.com;930169965
Stephen Hughman;2254;35;shughmanhq@google.co.jp;619928681
Ara Yendle;7953;144;ayendlehr@tinypic.com;718071842
Tammi Van Ross;7953;38;tvanht@blogger.com;854132300
Latia Hedworth;3458;27;lhedworthhu@apache.org;727981110
Emelen Foy;4765;18;efoyhv@etsy.com;822467315
Vladimir Aleksashin;4085;138;valeksashinhw@census.gov;850200694
Glenine Cordell;3866;118;gcordellhx@wordpress.com;920127144
Barri Linggard;3182;63;blinggardhy@icq.com;452985373
Dorey Tolworthy;7003;32;dtolworthyhz@printfriendly.com;356321219
Nanice Beed;1148;47;nbeedi0@g.co;978486970
Tobi Antosik;1088;59;tantosiki1@blogtalkradio.com;578762023
Antonio Athersmith;5662;101;aathersmithi2@guardian.co.uk;211804574
Kata Lopes;7533;33;klopesi3@opensource.org;844525103
Cassius MacCarter;1071;137;cmaccarteri4@economist.com;360873913
Chevy Sandell;2024;17;c;254808067
Monti Schoffel;7900;94;mschoffeli6@virginia.edu;352285199
Petr Chalmers;2921;136;pchalmersi7@wix.com;927358695
Kellina Pane;2458;49;kpanei8@weibo.com;816252136
Emmeline MacDowal;3151;60;emacdowali9@howstuffworks.com;367789534
Bliss Daveridge;3987;52;bdaveridgeia@nifty.com;562963359
Chevy Pimlock;5430;59;cpimlockib@google.cn;965423339
Xavier Christon;7443;67;xchristonic@dropbox.com;965g15638
Riordan McMillan;9754;57;rmcmillanid@guardian.co.uk;641767586
Rosalinde Gillicuddy;7225;31;rgillicuddyie@tamu.edu;381709392
Corliss Loan;7838;45;cloanif@ted.com;992257011
Fancie Stuffins;3574;101;fstuffinsig@imageshack.us;752786935
Issi Gratten;7843;68;igrattenih@cam.ac.uk;463200124
Field Cashman;7541;111;fcashmanii@buzzfeed.com;132100416
Kania Beert;8912;122;kbeertij@sina.com.cn;129239615
Prissie Alliott;8581;75;palliottik@cbc.ca;790265159
Markus Botting;7213;109;mbottingil@scribd.com;879192974
Felisha Fernie;9665;40;ffernieim@wufoo.com;881253759
Adeline Horder;2657;24;ahorderin@tumblr.com;640618038
Derril Allonby;1234;145;dallonbyio@hugedomains.com;831052887
Mable Kohrs;9092;76;mkohrsip@wix.com;119452956
Marylin Gilvear;7252;144;mgilveariq@wsj.com;584016981
Julia Kliment;2921;76;jklimentir@wordpress.com;58530e046
Berenice Umney;3459;130;bumneyis@delicious.com;317754085
Crissy Girdler;8265;105;cgirdlerit@msu.edu;476096228
Libbey Mesias;9682;67;lmesiasiu@zimbio.com;145097916
Arley Allewell;4977;66;aallewelliv@geocities.jp;475008150
Coralyn Greenhow;8192;108;cgreenhowiw@bizjournals.com;967122069
Janey Clamo;9608;99;jclamoix@odnoklassniki.ru;210754067
Virgil Dominelli;8675;135;v;650359260
Lilllie Canedo;6008;101;lcanedoiz@hugedomains.com;543046563
Silvanus Smartman;5623;146;ssmartmanj0@time.com;244967642
Nora Mitchelson;7900;132;nmitchelsonj1@tuttocitta.it;950528669